{
    "test": {
        "classification": {
            "accuracy": [
                0.23809523809523808,
                0.30158730158730157,
                0.36507936507936506,
                0.36507936507936506,
                0.42857142857142855,
                0.49206349206349204,
                0.5238095238095238,
                0.5396825396825397,
                0.5873015873015873,
                0.6190476190476191,
                0.6031746031746031,
                0.6666666666666666,
                0.6507936507936508,
                0.6507936507936508,
                0.6507936507936508,
                0.6349206349206349,
                0.6666666666666666,
                0.6825396825396826,
                0.6984126984126984,
                0.6825396825396826
            ],
            "loss": [
                5.078098842075893,
                4.494080074249752,
                3.961919633169023,
                3.4827406141493054,
                3.056638929578993,
                2.684564741830977,
                2.3610355437748014,
                2.0799919007316467,
                1.8392928592742435,
                1.638438996814546,
                1.4760865711030506,
                1.349365960984003,
                1.2540074908544148,
                1.1847197517516121,
                1.135815696110801,
                1.1018824501643105,
                1.0782561529250372,
                1.0612354581318204,
                1.048079112219432,
                1.0368746802920388
            ]
        },
        "combined": {
            "accuracy": [
                0.23809523809523808,
                0.30158730158730157,
                0.36507936507936506,
                0.36507936507936506,
                0.42857142857142855,
                0.49206349206349204,
                0.5238095238095238,
                0.5396825396825397,
                0.5873015873015873,
                0.6190476190476191,
                0.6031746031746031,
                0.6666666666666666,
                0.6507936507936508,
                0.6507936507936508,
                0.6507936507936508,
                0.6349206349206349,
                0.6666666666666666,
                0.6825396825396826,
                0.6984126984126984,
                0.6825396825396826
            ],
            "loss": [
                5.078098842075893,
                4.494080074249752,
                3.961919633169023,
                3.4827406141493054,
                3.056638929578993,
                2.684564741830977,
                2.3610355437748014,
                2.0799919007316467,
                1.8392928592742435,
                1.638438996814546,
                1.4760865711030506,
                1.349365960984003,
                1.2540074908544148,
                1.1847197517516121,
                1.135815696110801,
                1.1018824501643105,
                1.0782561529250372,
                1.0612354581318204,
                1.048079112219432,
                1.0368746802920388
            ]
        }
    },
    "train": {
        "classification": {
            "accuracy": [
                0.21052631578947367,
                0.23923444976076555,
                0.2822966507177033,
                0.32057416267942584,
                0.3684210526315789,
                0.4354066985645933,
                0.4688995215311005,
                0.5167464114832536,
                0.5789473684210527,
                0.6028708133971292,
                0.6363636363636364,
                0.6555023923444976,
                0.6698564593301436,
                0.6698564593301436,
                0.6698564593301436,
                0.6985645933014354,
                0.6889952153110048,
                0.7129186602870813,
                0.7081339712918661,
                0.7033492822966507
            ],
            "loss": [
                5.563296815425015,
                4.905534954162306,
                4.290658467123953,
                3.729471307051809,
                3.2304976613898027,
                2.7973772988935406,
                2.4264593535062797,
                2.1115129096656324,
                1.8482712741103469,
                1.63287360816481,
                1.4609567012513083,
                1.327855196866122,
                1.2282861590955816,
                1.1561929073059958,
                1.1052030718497683,
                1.0693683533006877,
                1.0437027780633223,
                1.0243605837297212,
                1.0085628089722263,
                0.994409807561117
            ]
        },
        "combined": {
            "accuracy": [
                0.21052631578947367,
                0.23923444976076555,
                0.2822966507177033,
                0.32057416267942584,
                0.3684210526315789,
                0.4354066985645933,
                0.4688995215311005,
                0.5167464114832536,
                0.5789473684210527,
                0.6028708133971292,
                0.6363636363636364,
                0.6555023923444976,
                0.6698564593301436,
                0.6698564593301436,
                0.6698564593301436,
                0.6985645933014354,
                0.6889952153110048,
                0.7129186602870813,
                0.7081339712918661,
                0.7033492822966507
            ],
            "loss": [
                5.563296815425015,
                4.905534954162306,
                4.290658467123953,
                3.729471307051809,
                3.2304976613898027,
                2.7973772988935406,
                2.4264593535062797,
                2.1115129096656324,
                1.8482712741103469,
                1.63287360816481,
                1.4609567012513083,
                1.327855196866122,
                1.2282861590955816,
                1.1561929073059958,
                1.1052030718497683,
                1.0693683533006877,
                1.0437027780633223,
                1.0243605837297212,
                1.0085628089722263,
                0.994409807561117
            ]
        }
    },
    "validation": {
        "classification": {
            "accuracy": [
                0.35714285714285715,
                0.39285714285714285,
                0.4642857142857143,
                0.4642857142857143,
                0.4642857142857143,
                0.5,
                0.5357142857142857,
                0.5357142857142857,
                0.5357142857142857,
                0.6071428571428571,
                0.6071428571428571,
                0.6071428571428571,
                0.6071428571428571,
                0.6428571428571429,
                0.6428571428571429,
                0.6428571428571429,
                0.6428571428571429,
                0.6428571428571429,
                0.6428571428571429,
                0.6428571428571429
            ],
            "loss": [
                4.7155625479561945,
                4.152309962681362,
                3.650944301060268,
                3.203617368425642,
                2.8021139417375838,
                2.4481116703578403,
                2.1405788149152483,
                1.873697280883789,
                1.644538061959403,
                1.4541303089686803,
                1.3033218383789062,
                1.1906938552856445,
                1.1124096597943987,
                1.0625903947012765,
                1.034254687173026,
                1.020597321646554,
                1.0159307207380022,
                1.0159876687186105,
                1.0177977425711495,
                1.0194144930158342
            ]
        },