{
    "test": {
        "classification": {
            "accuracy": [
                0.4691358024691358,
                0.5061728395061729,
                0.5185185185185185,
                0.6049382716049383,
                0.6049382716049383,
                0.654320987654321,
                0.6666666666666666,
                0.7283950617283951,
                0.6419753086419753,
                0.6666666666666666,
                0.654320987654321,
                0.654320987654321
            ],
            "loss": [
                3.6165711202739197,
                3.0023538094979747,
                2.468788241162712,
                2.024142795138889,
                1.6695221324025848,
                1.3942941736291956,
                1.2004528281129436,
                1.0862567100995852,
                1.03395805829837,
                1.0168675552179784,
                1.011694448965567,
                1.0040994338047358
            ]
        },
        "combined": {
            "accuracy": [
                0.4691358024691358,
                0.5061728395061729,
                0.5185185185185185,
                0.6049382716049383,
                0.6049382716049383,
                0.654320987654321,
                0.6666666666666666,
                0.7283950617283951,
                0.6419753086419753,
                0.6666666666666666,
                0.654320987654321,
                0.654320987654321
            ],
            "loss": [
                3.6165711202739197,
                3.0023538094979747,
                2.468788241162712,
                2.024142795138889,
                1.6695221324025848,
                1.3942941736291956,
                1.2004528281129436,
                1.0862567100995852,
                1.03395805829837,
                1.0168675552179784,
                1.011694448965567,
                1.0040994338047358
            ]
        }
    },
    "train": {
        "classification": {
            "accuracy": [
                0.42857142857142855,
                0.4714285714285714,
                0.5035714285714286,
                0.5857142857142857,
                0.625,
                0.6785714285714286,
                0.6821428571428572,
                0.6857142857142857,
                0.675,
                0.6785714285714286,
                0.675,
                0.6678571428571428
            ],
            "loss": [
                3.8475726808820454,
                3.1590907778058734,
                2.563988154275077,
                2.079822404044015,
                1.7042723655700684,
                1.424960218157087,
                1.233071449824742,
                1.1156574657985143,
                1.0543300969260079,
                1.0270502362932479,
                1.013061250959124,
                0.998094436100551
            ]
        },
        "combined": {
            "accuracy": [
                0.42857142857142855,
                0.4714285714285714,
                0.5035714285714286,
                0.5857142857142857,
                0.625,
                0.6785714285714286,
                0.6821428571428572,
                0.6857142857142857,
                0.675,
                0.6785714285714286,
                0.675,
                0.6678571428571428
            ],
            "loss": [
                3.8475726808820454,
                3.1590907778058734,
                2.563988154275077,
                2.079822404044015,
                1.7042723655700684,
                1.424960218157087,
                1.233071449824742,
                1.1156574657985143,
                1.0543300969260079,
                1.0270502362932479,
                1.013061250959124,
                0.998094436100551
            ]
        }
    },
    "validation": {
        "classification": {
            "accuracy": [
                0.5384615384615384,
                0.6153846153846154,
                0.6153846153846154,
                0.6666666666666666,
                0.6923076923076923,
                0.717948717948718,
                0.717948717948718,
                0.6666666666666666,
                0.5897435897435898,
                0.5641025641025641,
                0.5897435897435898,
                0.5897435897435898
            ],
            "loss": [
                3.150396298139523,
                2.5749415862254605,
                2.1058414165790262,
                1.7349178607647235,
                1.4505980075933995,
                1.2411192869528747,
                1.1027317536182892,
                1.0304401104266827,
                1.0101519853640826,
                1.0189774342072315,
                1.033637902675531,
                1.0385685456104767
            ]
        },
        "combined": {
            "accuracy": [
                0.5384615384615384,
                0.6153846153846154,
                0.6153846153846154,
                0.6666666666666666,
                0.6923076923076923,
                0.717948717948718,
                0.717948717948718,
                0.6666666666666666,
                0.5897435897435898,
                0.5641025641025641,
                0.5897435897435898,
                0.5897435897435898
            ],
            "loss": [
                3.150396298139523,
                2.5749415862254605,
                2.1058414165790262,
                1.7349178607647235,
                1.4505980075933995,
                1.2411192869528747,
                1.1027317536182892,
                1.0304401104266827,
                1.0101519853640826,
                1.0189774342072315,
                1.033637902675531,
                1.0385685456104767
            ]
        }
    }
}