{
    "test": {
        "classification": {
            "accuracy": [
                0.42857142857142855,
                0.42857142857142855,
                0.49206349206349204,
                0.49206349206349204,
                0.5396825396825397,
                0.5714285714285714,
                0.6031746031746031,
                0.6349206349206349,
                0.7142857142857143,
                0.7301587301587301,
                0.746031746031746,
                0.746031746031746,
                0.6825396825396826,
                0.6825396825396826,
                0.6984126984126984,
                0.7142857142857143,
                0.7301587301587301
            ],
            "loss": [
                4.168316553509425,
                3.661628117637029,
                3.2012469579303073,
                2.7950582352895585,
                2.440530201745412,
                2.131988767593626,
                1.8655382186647445,
                1.6412991720532615,
                1.4601806156218997,
                1.3197570074172247,
                1.2151844085208954,
                1.1410638718377977,
                1.0919547913566467,
                1.0621744791666667,
                1.0458145141601562,
                1.0372660803416418,
                1.0318994673471602
            ]
        },
        "combined": {
            "accuracy": [
                0.42857142857142855,
                0.42857142857142855,
                0.49206349206349204,
                0.49206349206349204,
                0.5396825396825397,
                0.5714285714285714,
                0.6031746031746031,
                0.6349206349206349,
                0.7142857142857143,
                0.7301587301587301,
                0.746031746031746,
                0.746031746031746,
                0.6825396825396826,
                0.6825396825396826,
                0.6984126984126984,
                0.7142857142857143,
                0.7301587301587301
            ],
            "loss": [
                4.168316553509425,
                3.661628117637029,
                3.2012469579303073,
                2.7950582352895585,
                2.440530201745412,
                2.131988767593626,
                1.8655382186647445,
                1.6412991720532615,
                1.4601806156218997,
                1.3197570074172247,
                1.2151844085208954,
                1.1410638718377977,
                1.0919547913566467,
                1.0621744791666667,
                1.0458145141601562,
                1.0372660803416418,
                1.0318994673471602
            ]
        }
    },
    "train": {
        "classification": {
            "accuracy": [
                0.42105263157894735,
                0.44019138755980863,
                0.45454545454545453,
                0.5023923444976076,
                0.5311004784688995,
                0.5933014354066986,
                0.6124401913875598,
                0.6363636363636364,
                0.645933014354067,
                0.6650717703349283,
                0.6698564593301436,
                0.6746411483253588,
                0.6698564593301436,
                0.6794258373205742,
                0.6746411483253588,
                0.6698564593301436,
                0.6650717703349283
            ],
            "loss": [
                3.9561398154810856,
                3.4821936502411033,
                3.0422979473497307,
                2.6450063897091804,
                2.297200983220881,
                1.9999726947985197,
                1.748733885550613,
                1.5384073211815938,
                1.366445587012186,
                1.2321264093572444,
                1.1340125782067696,
                1.0682661065644625,
                1.0286535965768915,
                1.0076784562836423,
                0.9979342227917539,
                0.9931081379429575,
                0.9885039991168885
            ]
        },
        "combined": {
            "accuracy": [
                0.42105263157894735,
                0.44019138755980863,
                0.45454545454545453,
                0.5023923444976076,
                0.5311004784688995,
                0.5933014354066986,
                0.6124401913875598,
                0.6363636363636364,
                0.645933014354067,
                0.6650717703349283,
                0.6698564593301436,
                0.6746411483253588,
                0.6698564593301436,
                0.6794258373205742,
                0.6746411483253588,
                0.6698564593301436,
                0.6650717703349283
            ],
            "loss": [
                3.9561398154810856,
                3.4821936502411033,
                3.0422979473497307,
                2.6450063897091804,
                2.297200983220881,
                1.9999726947985197,
                1.748733885550613,
                1.5384073211815938,
                1.366445587012186,
                1.2321264093572444,
                1.1340125782067696,
                1.0682661065644625,
                1.0286535965768915,
                1.0076784562836423,
                0.9979342227917539,
                0.9931081379429575,
                0.9885039991168885
            ]
        }
    },
    "validation": {
        "classification": {
            "accuracy": [
                0.42857142857142855,
                0.42857142857142855,
                0.5,
                0.5357142857142857,
                0.5357142857142857,
                0.5357142857142857,
                0.5357142857142857,
                0.5714285714285714,
                0.6071428571428571,
                0.7142857142857143,
                0.7142857142857143,
                0.75,
                0.75,
                0.6785714285714286,
                0.6428571428571429,
                0.6785714285714286,
                0.6428571428571429
            ],
            "loss": [
                3.664053508213588,
                3.1933340345110213,
                2.7638032095772878,
                2.382134028843471,
                2.0388306209019254,
                1.7241381236485072,
                1.4387513569423132,
                1.1912633350917272,
                0.9898832866123745,
                0.8371992111206055,
                0.7307168415614537,
                0.6646379062107631,
                0.6307505880083356,
                0.6193614687238421,
                0.6208247457231794,
                0.6270178386143276,
                0.6321212223597935
            ]
        },
        "combined": {
            "accuracy": [
                0.42857142857142855,
                0.42857142857142855,
                0.5,
                0.5357142857142857,
                0.5357142857142857,
                0.5357142857142857,
                0.5357142857142857,
                0.5714285714285714,
                0.6071428571428571,
                0.7142857142857143,
                0.7142857142857143,
                0.75,
                0.75,
                0.6785714285714286,
                0.6428571428571429,
                0.6785714285714286,
                0.6428571428571429
            ],
            "loss": [
                3.664053508213588,
                3.1933340345110213,
                2.7638032095772878,
                2.382134028843471,
                2.0388306209019254,
                1.7241381236485072,
                1.4387513569423132,
                1.1912633350917272,
                0.9898832866123745,
                0.8371992111206055,
                0.7307168415614537,
                0.6646379062107631,
                0.6307505880083356,
                0.6193614687238421,
                0.6208247457231794,
                0.6270178386143276,
                0.6321212223597935
            ]
        }
    }
}